Real,Predicción,P(Suscripción),Correcto
No,No,0.2039483231988166,Sí
No,No,0.05382084228422729,Sí
Sí,No,0.061510931678155564,No
Sí,Sí,0.5286903856513738,Sí
No,No,0.04450337787818763,Sí
